author,sentiment
kamjohns,-0.545625
just_another__,-0.5599999999999999
colonii,-0.7142857142857143
sitcomfan1020,-0.5507936507936508
hillahhree09,-1.0
negatywy,-0.6
happysad45,-0.5333333333333333
88457604,-0.5625
throwawayfor-news,-0.6183333333333334
tubonjics1,-1.0
EmmePhoenix12,-0.6999999999999998
Tapioca_Pearl,-0.5833333333333334
HappyPotato135,-0.5499999999999999
habsreddit24,-0.5805555555555555
LessTrick,-0.525
OpusDaDopest,-0.6
zeus9000125,-0.563265306122449
Bfloteacher,-0.6999999999999998
SoloForks,-0.5187499999999999
EmcPratik2,-0.75
Nickkwestt,-0.6599999999999999
mastyleslik,-0.7142857142857143
whoelseisgonky,-0.6999999999999998
twentythreekid,-0.8
delfhan,-0.5904761904761906
GeekPegasus,-0.525
bcppp,-0.5166666666666666
happyy420,-0.75
bryn_autumn,-0.7428571428571429
mynameisvanja,-0.6999999999999998
artistofmanyforms,-0.8
golden-introvert,-0.5114285714285715
Mystical-Prince,-0.55
probably_crying_rn,-0.62
maegangrich,-0.59
cancerofuniverse,-0.8999999999999999
t0niidk,-0.7049999999999998
AgathaGertie,-0.625
Pheonix10,-0.6666666666666666
Ashley_Venzon,-0.65
Alia2121,-1.0
UrDadLovesMe,-0.513095238095238
RideAGhost,-0.6
Hope1976,-0.5657505580357143
clawsboo,-0.5705357142857143
C_Wheeler00,-0.5875
MiiKeYxC,-1.0
chillimmortal,-0.5062499999999999
FrankWest21CP,-0.6129166666666667
sasspancakes_,-0.525
TheTiredDuckling,-0.6
Daddyjaundos,-0.6
Misssarahx,-0.5625
pinksultana,-0.5333333333333333
dildozer69u,-1.0
Guilty0nee,-0.75
Plidex,-0.640625
maryandjoe,-0.7999999999999999
Tattsandcats94,-0.9
VerySuperRandomMe,-0.5541666666666666
kzksksksksiwjwiwka,-0.6
lauram2410,-0.5023809523809524
WhoAmI01019,-0.75
danedg04,-0.6
Ugdray_ropay,-0.6999999999999998
cjackson1819,-0.6999999999999998
dogsnsweaters,-0.5208333333333333
88cent,-0.6666666666666666
Justaguy397,-0.625
unknownb124580,-0.5777777777777777
siltorn,-0.55
moonlightmeadow,-0.625
KennedyLyons12,-0.6999999999999998
moomoo0505,-0.6999999999999998
savsmiles16,-0.7
TheArcaninetales,-0.8
electricpianist,-0.6812499999999999
Paradoxxist,-0.525
Dharsarahma,-0.6
anonymiss3,-0.8
diabedgy,-0.5055555555555555
sadpoohbear,-0.5900000000000001
time4turnaround,-0.9166666666666666
38771010,-0.65
9-11wasamyth,-0.6571428571428571
Nashsavage91,-0.6
ArcticXD,-1.0
Glitteryskunk,-0.8571428571428572
boredk1d,-0.51
harrysk12,-1.0
Anxious_retard007,-0.575
msdummy,-0.6999999999999998
Inazumai,-1.0
iiRadicals,-0.5249999999999999
sam_the_sprite_god,-0.5333333333333333
riejrjrjdjdjjddndjks,-0.5833333333333334
LegoRuby360,-0.53125
DragonDinner22,-0.675
coffeecoffeetoffee,-0.6999999999999998
getFIGGYwithitlol,-0.5166666666666667
XiiCubed,-0.55
melissajayne1980,-0.6999999999999998
sunlikeflower,-0.6
lensgana,-0.6999999999999998
juke96,-0.6
badviolinplayer,-0.7
stormbolt14,-0.6999999999999998
dperry1973,-0.5999999999999999
momdestroyer69420,-0.5854166666666668
averagewatermelon,-0.5799999999999998
grandamek,-0.6999999999999998
ockabbe,-0.5249999999999999
cucucahoo,-1.0
depressedbleach,-1.0
joeyvitale1212,-0.6
lovelypie4,-0.7333333333333334
yeteggsge,-0.5657142857142856
Nearie,-0.5125
mcgrazza,-0.75
auri23,-0.7
Lostcause-_-,-0.6
Dive_a_little_deeper,-0.7380952380952381
superdupechickentoes,-0.5333333333333333
onwardtomanagua,-0.6499999999999999
sodaboy1978,-0.5625
kelpiescottish,-1.0
Laatikkopilvia,-0.7142857142857143
AutoModerator,-0.5151515151515151
Chosen_loved,-0.625
HagenAndJerrys,-0.6999999999999998
vidann1,-0.7
Alex-Wilkinson72,-0.8
nohope9,-0.8000000000000002
ggiiney,-0.7571428571428571
connorg_,-0.8
dawidjama,-0.6
Heavymetal56,-0.7999999999999999
Storm_Theif,-0.5333333333333333
the_wheaty,-0.7999999999999999
anxsb,-0.675
vp-shunt,-0.5449999999999999
GenaConnel,-0.7000000000000001
liluck,-0.5874999999999999
KissMySlitWrist,-0.6
Bossdwarf,-0.7055555555555556
Rad_Hero,-0.5499999999999999
fuckoff421,-0.5149999999999999
iiScourge,-0.675
douxp,-0.6833333333333333
orcats,-0.5321428571428571
iamsilvershiver,-0.5625
spinachicken,-0.5333333333333333
rainhider,-0.8
fuckthisshitlmao,-0.8
PMOTM,-0.6
PublicHandSanitiser,-0.5749999999999998
xr88fast,-0.5666666666666667
largerpenis,-0.52
Alicenyans,-0.75
pkkba_,-0.6
za-ty,-0.5625
blueberrythyme,-0.5499999999999999
EpicWott,-0.5000000000000001
DiscombobulatedBlame,-0.5666666666666668
PM_ME_NET_COSTS,-0.5083333333333333
heelo_me,-0.5666666666666668
Kisu_xyz,-0.5541666666666667
Death______,-0.8
BuffLug,-0.5540816326530612
PhantomKliq,-0.6
croc322,-0.7
butidontknowmyself,-0.5090909090909091
Thertow,-0.5562499999999999
sapphiresinn,-0.7333333333333334
ShipProtectMorty,-0.8
i_weneedmore,-0.5081521739130436
fmk333,-0.5333333333333333
FutureSoldier93,-0.7999999999999999
MainlySeeds,-0.575
apicalmermaid,-0.6
LuckyWhip,-0.6
SL6Y,-0.6000000000000001
jacksteven1722,-0.6
anxiousthrowaway866,-0.8
bernieiscyborghitler,-0.8
Synthetic-Material,-0.5072916666666667
twentytwothirtytwo,-0.5714285714285715
skfrr,-0.5111111111111111
iwanttobecomedeath,-0.6
lalesswatch,-0.6416666666666666
somehonesthoughts,-0.5444444444444445
pl3bby,-0.6
throwaway_dw42,-0.55
probablybetternow,-0.6
DowntownWeakness,-0.5333333333333333
Helision,-0.75
Seerte,-0.6666666666666666
peanutbutter007,-0.9
TimberFams,-0.5677142857142857
revolver14,-0.7000000000000001
neotopianum,-0.8
HappinessDoesntExist,-0.6166666666666667
imthewiseguy,-0.5357142857142857
Dilara1993,-1.0
Xexene,-0.6333333333333333
v4virgilante,-0.5378571428571429
legokerik_,-0.8
bipass,-0.6
mentally_Dead,-0.53125
IAMSUFFERING2468,-0.6
Wardie1993,-0.8
Skinthrowawayhelp,-0.51
MSD1203,-0.6
Ihatemyself2345,-0.6666666666666666
UnconstitutionalDig,-0.6
xanax2275,-0.6166666666666667
Gots_to_go,-0.5069642857142858
pineyclimy,-0.7
GopnikGarrick,-0.6
ianjames92,-0.8
maalecc,-0.6
Whiskybottlebaby,-0.5416666666666666
babyelectroshock,-0.6399999999999999
glowlikedat677,-0.6
SirAnonymous23,-0.8
MaiKarooba,-0.6333333333333332
PROshenobe,-0.6999999999999998
thisamegathrowaway,-0.5000000000000001
sick_of_talkin,-0.6791666666666667
whateverissuewhateve,-0.525
Big_Smoke420666,-0.75
Godsblight,-0.5333333333333333
gigfguhhfgu,-0.5958333333333333
TheyCallMeDel,-0.6999999999999998
Notningamaster,-0.6
Noisysky1,-0.6999999999999998
thr0wmeaway90,-0.5277777777777778
throwmeaway_pls111,-0.5333333333333333
lolxdJK,-0.7999999999999999
truerulebook,-0.5142857142857143
kihitsu,-0.6
constancethe2nd,-0.6
Motion_ambient,-0.55
MolarPet,-0.625
namkbby,-0.7749999999999999
GnarIyBastard,-0.7071428571428571
TheRealAmphy292,-0.5327380952380952
xezsynx,-0.6
Outtoc,-0.75
Hurting123123,-0.6999999999999998
macaroniiscool,-0.6
under_light21,-0.7
john_kennex,-0.52
Djsweglord,-0.6999999999999998
butwhateverwhocares,-0.5055555555555555
kaserymc,-0.7333333333333334
glitter_hippie,-0.6999999999999998
libranosdelmal22,-0.8
Markymark5t,-0.5047619047619047
alonebutnotlonely11,-0.6999999999999998
swimgpstether,-0.55
AlrightOnlyBleeding,-0.5285714285714286
StaySharpp,-0.55
AgogDown,-0.6
InescapableDespair,-1.0
Myriad9,-0.8
throwaway72626171,-0.5249999999999999
eternalvaporeon,-0.9333333333333332
killmeplease1102,-0.7
thenamesbond27,-0.5666666666666668
SpicyHashbrowns,-0.525
dissociatedcutie,-0.6
rozengarten,-0.775
Customatom,-0.6
elacmch,-0.6
ManIdontLikeAnything,-0.5178571428571428
Da-mall,-0.5999999999999999
gr8kris,-0.9
the_playful_bird,-0.5212121212121211
saintmaryofegypt,-0.6
SnotNosed_Punk,-0.775
angelsgirl2002,-0.6
skywlkr64,-0.6
AaravX64,-0.7
SpEdClan,-0.6
ColtAzayaka,-0.6999999999999998
Zacollins,-0.8
ineedhelpbutidont,-1.0
ontherocks88,-0.7999999999999999
MeinKleinesHerz,-0.6499999999999999
Shy_Cryptic,-0.9
treeatlander,-0.6999999999999998
I_Am_A_Good_Noodle,-0.65
djentmaster246,-0.75
Libergos,-0.6
twice-form,-0.6
-kazookid-,-0.6
3252342throwaway,-0.5133928571428572
fufu-44,-0.8
wednesdaythrowaway2,-0.6
yerrrboy3,-0.75
generic_reddit_alt,-0.6
PoppyEyesocket,-0.6
hub_batch,-0.5285714285714286
thislineismine,-0.6
artacuno53,-0.7
JournalOfJag,-0.5625
Tasty_Customer87,-0.575
SweetAmara,-0.7142857142857143
_megannovak,-0.8
missingpeaceofme,-0.6000000000000001
bdm90,-0.6
JohnnyBoiii36,-1.0
WalkingInsanity,-0.6666666666666666
xXOtonXx,-1.0
Rex_3002,-0.6
WeredoingItLive22,-0.578125
ArmeIsMyWaifu,-0.6
mysecond_accountyall,-0.55
coward30,-0.6000000000000001
Kkbow38,-0.7
alielantha,-0.7333333333333334
_upvote_me_daddy_,-0.6
smash_ass,-0.7
Jeybjeybb,-0.55
Pugtastic_smile,-0.6999999999999998
nayuun_art,-0.75
Glimmering-Springs,-0.5062499999999999
AlexanderShane19,-1.0
Peasant717,-0.55
TimesGrimes,-0.6208333333333333
slumbering_,-0.56
hasleruegsau,-0.50625
Urbansky69,-0.6
Friendly_Puff,-0.6333333333333333
Funnyfigure,-0.5333333333333333
Mumble_Dream,-0.6000000000000001
NortonIsBurnt,-0.55
Throwmeaway2500000,-1.0
lonely_sad_lost_soul,-0.75
boopity776,-0.7142857142857143
tigergait,-0.65
throawaysavemefromme,-0.7142857142857143
HopeIsGone1,-1.0
ScorpiusDragon,-0.7
CometCrisis,-0.5077380952380952
PhoenixFireCat,-0.6285714285714286
GrayGhost82,-0.6999999999999998
huan2526,-0.546875
ARetardedChild,-0.8
ithinkiamdead,-0.565625
senselessparanoia,-0.6
mrcolty5,-0.5583333333333333
mopyouranteup,-0.8
IntelligentChip5,-0.5761904761904761
UnderstandablyMad,-0.7333333333333334
erolcanustundag,-0.6
madeofcum,-0.6
bxnnxtt,-0.6999999999999998
motorcycle_sidecar,-0.5785714285714286
plutoSurfer,-0.5666666666666668
CHOCALAT-FISH,-0.5083333333333333
chri126y,-0.5857142857142857
diediedie111,-0.6
raspberr_,-1.0
TheOldestRedditor,-0.6236111111111111
Aliencaffeine,-0.7
skaoixcuw,-0.6
WWEJD00,-0.8
rratqueen,-0.6
Andrs_96,-0.8
I_want_to_die000,-0.5285714285714286
belmoid,-0.6
ultrayeest,-0.6
wiccanlol,-0.5333333333333333
XOXOAnn72,-0.5444444444444444
Tmmxus,-1.0
ugh_blurgh,-1.0
LunaRose108,-0.5874999999999999
xAstonic,-0.55
ForgottenHopeless,-0.6
707_Person,-0.6312500000000001
ambienchick,-0.6999999999999998
Azid3232,-0.5071428571428571
throwingawaythrowa,-0.6
theunicornbadit,-0.5333333333333333
AireeyTunes,-0.56
slattboibarti,-0.6
starrycat--,-0.5333333333333333
kannilegend_tv,-0.875
avocado_dad,-0.8
AlternativeNeat,-0.625
throwaway999999812,-0.6
qwdrtesa,-0.5694214876033058
why_not1223,-0.7
SoloApollo1,-0.50390625
Kiana3746,-0.5208333333333333
Lifeisbeautiful17,-0.7142857142857143
RyanRulez4,-0.5212121212121213
CNNrocks,-0.525
sumadeupname,-0.6
TheDeceptionist1,-0.5499999999999999
lapislazulisucksbig,-1.0
TheManouk32,-1.0
pastelduckling,-0.75
AlpacaRuler23,-0.7
Cloud_Cloudy,-0.7666666666666666
thisIsTheFoxe,-0.7999999999999999
amimoth,-0.8
EnglandMI6,-0.7
lonelygirl221,-0.6999999999999998
BurpingTheWorm1,-0.6
AthenaSardina,-0.6327272727272726
--dp_qb--,-0.7333333333333334
Idgafu,-0.75
throwaway729184,-0.55
tastybuttertart,-0.7142857142857143
OJ_Tasso,-0.5291666666666667
Nofapsamurai,-0.6999999999999998
NotJurassicPark3,-0.5058333333333334
Fant_Writer,-0.7638888888888888
Throwaway166p,-0.6
8473828181,-0.5166666666666667
AlphaBladeYi,-0.525
hankbuk,-0.5111111111111111
Trisomique,-0.8
girl-with-big-boots,-1.0
EmoBoi5,-0.6
urboiz123,-1.0
Some_Famous_Pig,-0.6999999999999998
drain_gang,-0.8
jdpm1991,-0.8
sn2606,-0.6
WatchHim,-0.675
x-FeatherDust-x,-0.8
variq,-0.5583333333333333
The-Nights-King,-1.0
Amayag1,-0.525
thegayestgayever,-0.5095238095238095
estaurakyle,-0.5166666666666666
Michael_Feckin_Myers,-0.5027417027417027
Helplease098,-0.6999999999999998
itelleveryoneimsad,-0.6499999999999999
rl39432,-0.7
throwaway_123543224,-0.6999999999999998
Saladdays66,-0.55
naunga,-0.6399999999999999
Animalnyawa,-0.52
phuckedit,-0.6
vnea,-0.6458333333333334
Urboy888,-0.8
mjauitslocu,-0.8
legendaryromania,-0.54
thisguyjas,-0.875
panda19691,-0.7999999999999999
Schweppesismyfriend,-0.7999999999999999
sadasfuckthrowawayy,-0.5333333333333333
ThrowAwayvvvvvsrygjy,-0.6999999999999998
TheBigBnananananan,-0.6499999999999999
Throwaway1264646,-0.75
m1k3chaa3,-0.5832644628099177
Zawskii,-0.6999999999999998
white-boy-ohio,-0.625
WinterFirefighter7,-0.55
Done8519,-0.5333333333333333
SaySomethingPlease,-0.6333333333333333
Loompofthesun,-0.5363636363636364
FTG_Elmun,-0.7142857142857143
ihatelifelolol,-0.75
WhatTheHeckKyle,-0.5306122448979592
sociallyanxiousliz,-0.65
cheekyindo,-0.75
chelowl,-0.5999999999999999
peace_pizza_and_kiah,-0.5999999999999999
lily25252525,-0.5119047619047619
demoniccvoice,-0.7999999999999999
sauara,-0.6
TransAlly3,-0.75
alicialoveme,-0.54375
yadaddy420,-0.7142857142857143
UglyBisen,-0.675
throwaway43938238238,-0.6999999999999998
ForwardCity1,-0.6
allmyfault2019,-0.8
octoveli,-0.5082619047619047
AreYouHelpingMate,-0.5111111111111111
anon131318,-0.6
NoFMSneeded,-0.55
yeetmeofftheplanet,-0.6666666666666666
Needlessexprerience,-0.6
HapMars,-0.6
fjdvejwlwk,-0.5857142857142857
Jkfvbjighb,-0.55
pentest-ing,-0.6
ahumanpileofgarbage,-0.5666666666666667
suicidalmuslim,-0.622857142857143
JenkinsRedditt,-0.6416666666666665
Amunet_Hidden_One,-0.8
happyy420,-0.75
_babz_,-0.5333333333333333
Solveourissues,-0.6
TheAnswerIsNaR,-0.6666666666666666
WeSoDed,-0.5611904761904761
Insomnia_Disease,-0.6
Misslyly,-0.6
neupermichael,-0.7142857142857143
BerusuPotingo,-0.8
livinggdeadgurrl,-0.75
UnoriginellerName2,-0.6035714285714286
cannotlife,-0.8
haux_,-0.8
dumbpieceofshitttttt,-0.5325
im66yo,-0.5084141414141415
Offbeatmonster0,-1.0
Twisten-inkittens666,-0.8
DurandelTheSword,-0.525
Deric38,-0.6999999999999998
OneManOnTheCorner,-0.5055555555555556
highriskpatient,-0.6333333333333332
J3tze,-0.6
kichinihihi,-1.0
abdelilah_,-0.75
wanderingawayxlc,-0.5340909090909091
sarahtonin420,-0.5818181818181818
witchofthewoods89,-0.6764285714285714
hellau1234,-0.7142857142857143
moto324,-0.5353174603174603
heyitsmiso,-0.8
hereiamwhy,-0.7999999999999999
remsbigboilips,-0.6458333333333334
bitxoin,-1.0
prepprincess,-0.8
heLlofRienD467,-0.5142857142857142
avonNXd,-0.5333333333333333
string_loop,-0.55625
veryinappopriate,-0.5416666666666667
SadBlap,-0.5428571428571428
pinkcolored,-1.0
_another_person,-0.8
HopelessRoomful,-0.625
dzedd-kl,-0.5625
DepressedSendHelp,-0.7142857142857143
buddycool,-0.65
rogeoge5,-0.72
Domikus,-0.5333333333333333
andrewjacksonwasaman,-0.5733333333333334
mooniku,-0.7551020408163265
SAT01,-0.5111111111111111
AnotherTrowaway12,-0.5333333333333333
ShitPostThrow,-0.6
sadcowbread,-0.5874999999999999
bluewhisper12,-1.0
rypalm,-0.7
bad_sad_mad_notdeath,-0.8928571428571429
eyebogey,-0.6
Phllpkrn,-0.5625
KiraR20,-0.5571428571428572
Jak_jak_jak,-0.5166666666666667
winter_soldier183,-0.5694444444444444
shouganai_,-0.5833333333333334
knbyzt,-0.6999999999999998
SinkEmAll,-0.675
CowCheese123,-0.625
caramellie_,-0.6999999999999998
thoushaltnotpiss,-0.8
captainjake9,-0.5416666666666666
abroadsearch,-0.55
angstttt,-0.5499999999999999
loyalIam,-0.6
Radicalreddd,-0.6
billy_moleson_2004,-0.6725
rolypolyincopacabana,-0.52
ImSoFrigginSad,-0.8
_FillTheVoid_,-0.8500000000000001
poshspicy,-0.5333333333333332
pewpewandothernoise,-0.8999999999999999
KatsunaGoddessOfEvil,-0.6
germos8907,-0.55
Darkinightstorm,-0.8000000000000002
BeautifulxSoul,-0.5383333333333333
quinnp87,-0.6453125
HoChiCityMinh,-0.7000000000000001
CurrentlyDrowsy,-1.0
bluebubbles94,-0.5125000000000001
trvent17,-0.6499999999999999
AgfaAPX100,-0.5249999999999999
GenuineIsolation,-1.0
_befree_,-0.55
quinnmintt,-0.7000000000000001
darealsneaktalk,-0.55
fairynymphh,-0.7250000000000001
xseedsoldier,-1.0
miiuna,-0.5249999999999999
newlifesameman,-0.6
Mystic_Mess_idk,-0.7784313725490194
Mangooi,-0.65
waywardgarlicbread,-0.6
_Sewno,-0.6006802721088436
dbabelaflame,-0.8499999999999999
aaolol,-0.7
TryingToImprove0,-1.0
callmejudoguy,-0.875
d2smond,-0.5888888888888889
StraightPayment7,-0.5666666666666665
Reminiscentlimerant,-0.58
OAthrowawayAO,-0.55
SMASHsplashNdash,-0.6999999999999998
xJest,-0.5125000000000001
itsthrowawaymydude,-0.575
bbrrooccoollii,-0.6
MisterEm5000,-0.675
paniapanim,-0.6000000000000001
PureSmoulder,-0.5999999999999999
Greyman120,-0.6666666666666666
Pepe_leprawn,-0.8
willing-asphyxiation,-0.575
Kill3rInstinct,-0.6
pablospc,-0.6666666666666666
Gogozre,-0.8
anms_pro,-0.75
DontTolerateTheFront,-0.55
incognitomiscreant,-0.5071428571428571
FrostQueenJanna,-0.6
pogostickbabe,-0.5444444444444444
ConcreteAngel15,-0.6000000000000001
Narcann,-0.7
Wwtkm,-0.5625
lilanxiousboy,-0.675
Karma2405,-0.5625
amateurMapple,-0.5562499999999999
skyslayer5996,-0.5333333333333333
NakoZeTaco,-1.0
princesstwinklebutt,-0.7
Stellar_Chick,-0.8
sabrinaknows,-1.0
old_papa_louie,-0.6666666666666666
anonuser89908,-0.7999999999999999
madisonsad,-0.625
Challabroooooo,-1.0
jon6778,-0.6
JoSsSsSsSsSsSsSsSsSs,-0.6999999999999998
ZengZiong,-0.5518518518518518
Mankind93,-1.0
Xethmawt,-1.0
memesterofpuppets,-0.5333333333333333
bothp,-0.5333333333333333
stephyk96,-0.6000000000000001
secretlysuicidalemo,-0.6
NoiMn2411,-0.5222222222222221
PhilosopherMaster1,-0.78125
SomethingSadness,-0.5571428571428572
door2doorhentai,-0.6
hellllloooooooo263,-0.5142857142857141
AnxiousWanker,-0.5017857142857143
HauntedCastles,-0.582857142857143
mallalolano,-0.7333333333333334
UnjustDuality,-0.525
DangerouslyDia,-0.575
Augusic,-0.7
mysticalxmoonlight,-0.75
throwsawayyss,-0.6583333333333333
chuckncheese,-0.6388888888888888
katarina_bit,-0.5293650793650794
KuyaTaku,-0.6666666666666666
NocturnalDarkThememe,-0.5285714285714285
agnstycollegekid,-0.6666666666666666
PovertyRyanGosling,-1.0
VagueDepression,-0.75
vivivivi101,-0.6
icefox3211,-0.525
shinyminotaur,-0.6
higirlies,-0.6
Aaron_seber,-0.6499999999999999
polarpug,-1.0
Firestronaut,-0.6
Jethalo,-0.6
dankbudzonlybuds,-0.7999999999999831
alexisgod-,-0.7
Brinleeholllis,-0.5185185185185185
Lia201,-0.65
kimparkmoonjung,-0.75
RVDKaneanite,-0.55
Itspanzertime,-0.525
MykeJJay21,-0.5249999999999999
Ahasnake,-0.7333333333333334
Silverwolf0127,-0.64
throwaway4menotUsry,-0.515
daveminer,-0.7
zemaraim,-0.7999999999999999
justa_game,-0.7250000000000001
Justwant2benormal,-0.6333333333333333
Dimitra1,-0.6
Dartego,-0.8
RonbarkCharly,-0.5160714285714285
orchhie,-0.53125
HoursLost37,-0.8
l3thalxbull3t22,-0.6
imreallyfckinsad,-0.525
f_u_c_k_m_e_,-0.7250000000000001
ewoolly271,-0.55
tengurin,-0.8
aniyahjohnson16,-0.6666666666666666
4-earthlings,-0.6
MrSwampAss,-0.5765625
lizard-boyo,-0.5029761904761905
HellyOHaint,-0.6
wasdytheloser,-0.525
lLOVEITWHENTHEYRUN,-0.5416666666666666
NiceIceX,-0.8
IRBaconStrips,-0.55
shepardmee,-0.7
4tarax,-0.50625
Juan-Dollar,-0.625
FloressGurl,-1.0
ForwardPromise6,-0.8
91377,-0.6666666666666666
kmlj09,-0.6
Randz55,-0.65
itsAriiaa,-0.6
muddiestblunts,-0.6416666666666667
jennydaman,-0.6
austingarcia_,-0.5416666666666665
earthmilitary,-0.6749999999999998
Sphere_RMX,-0.525
chicken98_,-0.6
MysteryDrawer,-0.625
oversleepandchill,-0.55625
CarefulMission,-0.5249999999999999
jayhueb,-0.8
3TA01N,-0.75
DayDreamer24-7,-1.0
lonerstoic,-0.6
natkkaa1996,-0.6625
JoeWens,-0.5972222222222222
nerf__or__nothing,-0.5666666666666665
socialanxietyhelp_,-0.6300000000000001
Confused_Underscore,-0.6285714285714286
lonelybrownguyy,-0.5035714285714284
jazzyjosslyn,-0.6083333333333333
limpiatodos,-0.7
confusedwomanmaybe,-0.6999999999999998
spcruiz21,-0.5333333333333333
Souperjaren,-0.6999999999999998
brownsfansince2018,-0.5659090909090908
eyesofury,-1.0
wgeou,-0.5295238095238096
EpiphanyKingdom,-0.525
Aodbeoan752,-0.5035714285714286
tyler35855,-0.5097222222222223
shazzaUFOx,-1.0
najadnan,-0.5527272727272727
idontwannabesick,-0.638095238095238
hoanr,-0.625
guttpa18ar,-0.7687499999999999
SoBrokenAndConfused,-0.6999999999999998
throwiqcxv,-0.5785714285714285
Boopable_Snootable,-0.7
Caranraug,-0.5229166666666667
giftedxalien,-0.75
HockeyIsMyLife001,-0.6999999999999998
PCNuub,-0.557142857142857
artistchaz,-0.5697916666666667
Bumboozeler,-0.52
Ackerdan5689,-0.6999999999999998
generallynotapancake,-0.5346153846153846
connor36082,-0.65
retiredman420,-0.5333333333333333
Bruinsguy55,-0.6
mrcdesbenzodiazepine,-0.5134090909090909
1Genesis1,-0.8749999999999998
Morty_Smith420,-0.65
Angry_Bar10der,-1.0
ilostmyaccount123,-0.6
BeeElEl,-0.6249999999999999
ohnobud,-0.5328571428571428
oscarthegrouch35,-0.6374999999999998
next12344556,-0.625
lilsl0th,-0.6666666666666666
mysteryy234,-0.6
distraction-tek,-0.6
candy696,-0.75
kathrynrachel,-0.5666666666666667
miles170,-0.50625
SkyD0,-0.9375
Hurting123123,-0.6
KnownByMyName13,-0.7142857142857143
Alexandria_Scott,-0.6999999999999998
samslayer100,-0.8499999999999999
elevatedcortisol,-0.7000000000000001
OddEase9,-0.6166666666666666
ISurviveOnPepsi,-0.53
TBenoit4224,-0.7
Tbwg4007,-0.6666666666666665
Cavenge,-0.5999999999999999
onxblood,-0.5333333333333333
linaball,-0.6614583333333333
Megadave020,-0.6
Phakhin9,-0.7071428571428571
Samantha27x,-0.5333333333333333
Dandere-Muffin,-0.5111111111111111
findinghalos,-0.7
joshyp456,-0.8
unlinedclaw8787,-0.96
lajap,-1.0
brainrose,-0.75
lonesomeandlistless,-0.6666666666666666
imblankzhowboutu,-0.5666666666666667
Steveng7003,-0.6333333333333332
pual-the-destroyer,-0.9
M1nit,-0.6499999999999999
Mr_Tinkles_2019,-0.53125
Dreamfirebuffy,-0.6999999999999998
WorldlyCommand,-0.75
76tumbleweed,-0.9375
PainlessMe,-0.8
prozacprodigy,-0.8
smashyland44,-0.75
97k7u3b2,-0.6999999999999998
1randomperson11,-1.0
cosmicplanet11,-0.6333333333333333
DrSavageMD,-0.5166666666666666
HercUlysses,-0.5158333333333334
dpofikcowngofon,-1.0
Hesaves1,-0.8
Geerizle,-0.8
NowThatWeAreMen,-0.6047619047619047
poppypoppypoppyx,-0.6999999999999998
leadfighter,-0.6
sleepywhispering,-0.6
peppermint112,-0.5023809523809524
throwawaayayayyayaok,-0.575
HelpMeINeedU,-0.7571428571428571
Annonimous-,-0.78125
_Fat_Potato_,-0.6
SideAccountForMeeeee,-0.8
Swagfag9000,-0.7142857142857143
ForMyPrivacy,-0.55
Salsabruhhhhhhhh,-0.5708333333333333
piinkiii,-0.5133333333333333
KolaJ23,-0.6
bruhhskeet,-0.6
TheUltOtakuGamer,-0.8
Korru,-0.6
Eodbeast,-0.625
Ptsdthrowawayagain,-0.7
MamaHen2014,-1.0
edenavi,-0.6999999999999998
AmmoniaBologna,-0.6
brainsandb00bs,-0.525
SteamedSteam,-0.8
wormonastringg,-0.5166666666666666
hdlcw14,-0.6
ErenV400,-0.7000000000000001
ohmar_s,-0.5208333333333334
ThrowRA-kinl,-0.71
UndeadDeus,-0.5999999999999999
throwaw88ay,-0.9
ziggledorfen,-0.6
Sadgirltingz101,-0.75
ThrowAway842885,-0.6
m00nleter,-0.6
lolcutie6,-0.65625
icybutnotfrozen,-0.75
crybaby1577,-0.5333333333333333
wolfwolf0202,-0.557142857142857
FallenAelin,-0.5194805194805195
SerJonStark,-0.6
VexOralringer,-0.6
neverannie,-0.5666666666666665
Libtardcat,-0.6999999999999998
cantremembermyface,-0.55
yuri_rockstar,-0.5499999999999999
Empty-Astronomer,-0.5999999999999999
RandomAccount49372,-0.68
fuckkillme,-0.5333333333333333
DeadlyNightshade1108,-0.6
disposable_expense,-0.7285714285714286
pepextract,-0.7428571428571429
BillFrommatience,-0.5333333333333333
SadNefariousness3,-0.7666666666666666
TotalPlanetFail,-0.55
lane92679,-0.6499999999999999
BlondeActually,-0.8
throwawayacc13716,-0.6
fluffyhambster,-0.6999999999999998
sadlilblueberry,-0.7142857142857143
Blubbs89,-0.6
137883hi-,-0.54375
Horitar,-1.0
scottpendergast,-1.0
Depressed-Lamp,-0.6
Xxpyro_mp4,-0.6999999999999998
quepev,-0.6
Nontitledname,-0.5344155844155847
depre55edpeiceof5hit,-0.6
mangosparklingwater,-0.5333333333333333
TheOneThatsHurting,-0.6
SenslessTooth,-0.5666666666666667
selfdestructive666,-0.52
Imalwaysstruggling,-0.6
cpuaph6,-0.6
sat_pbr,-0.6999999999999998
Toomuchimdone,-0.5571428571428572
GlitteringEffective5,-0.5333333333333333
the-next-whiskey-bar,-0.5458333333333334
SpeedyCavy,-0.625
InTheBinIGo,-0.6499999999999999
Minimenema,-0.7
sadthrowawaygurl,-0.54
sbanbans,-1.0
eaglesfan9783eagles,-0.8
BrawkShady,-0.8
KetchupOnWaffles,-0.6
Deli_Status,-1.0
idkhowtogetup,-0.5533333333333333
phomphom1,-0.5333333333333333
WhatAShame2277,-1.0
scungy666,-0.6
backreddit,-0.6999999999999998
PickleMyTickle96,-0.8499999999999999
urmomhothomie,-0.6
Druggsaregood,-0.6
ytfrlo,-0.6999999999999998
DEAD_NEXUS,-0.5958333333333332
TheExtraCrispyKernal,-0.5833333333333334
idontwannausemymain1,-0.5990625
sukiidaiyo,-0.5384126984126985
throwaway5555567898,-0.6
xr88fast,-0.65
Merptheturtle200436,-0.53125
LouSFL,-0.590625
punchdrunkluvv,-0.7999999999999999
northrd,-0.5821428571428572
voidzbaby,-0.8
kankerpaupernicht,-1.0
Goodbye27,-0.6999999999999998
Pagy01,-0.5285714285714286
jenniferkathleeen,-0.5291666666666667
lonely_MarsRover,-0.76
DatdudeDP11,-0.8499999999999999
altaccforaltpurposes,-0.5666666666666667
shortbussammy,-0.6999999999999998
Pho_Zenny,-0.6999999999999998
Owlumnis,-0.6125
deadby21haha,-0.7142857142857143
JimClancyDangle,-0.5583333333333333
majo6616,-0.6999999999999998
Captainclaiomhsolais,-0.8
Carmelboxer59,-0.5142857142857142
kayfaradaybitches,-0.6999999999999998
thenuga_da_snake,-0.5499999999999999
yell0wcherry,-0.8
idekwidwmla,-0.6666666666666666
Throwaway2402402,-0.6
cant-get-help,-0.6999999999999998
cinnamon1718,-0.75
ihatemylifefml,-0.6
ravenguy763,-0.7142857142857143
Necessary-Somewhere,-0.5583333333333332
Polkip,-0.6
depressedtvco,-0.6
Dragonborn2627,-0.55
ANewBeginning48,-0.6
Sofyika,-0.5333333333333333
CrownedIced,-0.6566666666666666
RevolutionaryOne9,-0.6
philosopher2019,-0.5199999999999999
breadandbunny,-0.6
i_am_masochist,-0.5303571428571429
anon_nymous00,-0.5833333333333334
throwawayypancakes,-0.7142857142857143
pokefan1234543,-0.5625
Plastic_Produce,-0.75
Pinata11,-0.9
teeteeee32,-0.8
Severe_Can,-0.55
LeMonR6,-0.5212121212121211
supremesmolbean,-0.6
jothh8a23323,-1.0
omar_al_najjar,-0.8
Eshmail,-1.0
throwaway_sad_2020,-0.575
mrspresident7,-0.5041666666666667
ToastyBuns23,-0.76
Xxdark-ninja0xX,-0.75
Throwiwaytoday987654,-0.6
sadaoples,-0.6
Noodleocalypse,-0.5166666666666666
skyblue_12,-0.5666666666666667
sir_winkyy,-0.5122448979591836
134lemmejustsay,-0.5431216931216932
ImaWasteOfEmotions,-0.7
dontFUCKINGmessageme,-0.6
ProdBylem,-0.765625
excision99,-0.55
buddyloser,-0.6
boxboi78,-0.6000000000000001
bigboimanlyman-,-0.8
loldepressedlol,-0.6458333333333334
cnevermakinanysense,-0.5666666666666668
Omar3372,-0.8
ASCIIPP,-0.8142857142857143
emofag08,-0.6
easywrist,-0.6
processedbrains,-0.8
jltime,-0.6999999999999998
Smartartis8,-0.8
nujcesaspun,-0.6
towns0210,-0.8
xxprettyinblackxx,-0.6666666666666666
unknownsenderx,-0.6
hazzeFox,-0.7999999999999999
rodbsbsb,-0.7
okcomptr,-0.7
Anarchist42,-0.52
SadBcauseMommyIssues,-0.6
veelw,-0.7
lostluos,-0.5216666666666666
lord-pessimist,-0.8
Throughtheforest13,-0.55
mya-is-confused,-0.6666666666666666
soyunperdedorbabyso,-0.5125
mafryar2,-0.5125
parksoouyung,-1.0
LadyShuffie,-0.6
bananananananana420,-0.6999999999999998
youwillneverknow6666,-0.5999999999999999
Kureo_OU,-0.6571428571428571
jajajshdbdbdbdbdb,-1.0
megamindsmistress,-0.6199999999999999
lordnibblets,-0.5444444444444444
I_hate_StinkyStank21,-0.6357142857142858
Mihalis_Game,-0.8
AgitatedSpinach5,-0.6999999999999998
yogurtvba,-0.6999999999999998
ballingout2215,-0.8
FosterRI,-0.55
tubularevan,-0.5666666666666667
WaydeHenderson,-0.5666666666666668
ThrownAwayUsername,-0.6
throwaway82940874839,-0.6
aDeAdGrEeNwOrM,-0.6333333333333333
redfragle,-0.8
SeaMacked,-0.75
tired0fthisliFe,-0.6
thelastlevel99,-1.0
therantaccount,-0.6333333333333333
Artwark,-0.5333333333333333
sartrecafe,-0.5095238095238095
Random_Doggo_,-0.5571428571428572
throwaway__2557,-0.6
Broad-Nose,-0.6999999999999998
Dima_Demeter,-0.6
SirSweety,-0.8
ashley_jayyy,-1.0
Background_Problem,-0.6499999999999999
Puppynyan,-0.675
Throwaway80878,-0.5499999999999999
thehorsefckr,-0.8
OhMySweetBoy,-1.0
NoBannerFlags,-0.7
purplefrog-,-0.6125
jamesv0,-0.5047619047619047
Emi287,-0.575
__darkly__,-0.5227272727272727
thegalwhoneverlived,-0.7749999999999999
Jersicoo,-0.6
Abhijeet9901,-0.7999999999999984
b00st3rb00,-1.0
Nadine2808,-0.6
ezkimokisses,-0.8
FMLsheWas14,-0.8
Any_Attention,-0.7
guguglog,-0.6
SpecificDuck6,-0.6999999999999998
ValuableAfternoon7,-0.8
icantt4kethis,-0.6
jutepod,-0.78
everything_but_not,-0.6
HomelessVegetarianL,-1.0
Cransd,-0.5867724867724867
253-build,-0.7571428571428571
KenshiroFX,-0.575
the_bob12,-0.5538095238095238
RamWamRamWam,-0.6666666666666666
Kidespace,-0.5333333333333333
Umvc3123,-0.7000000000000001
TropicalKonanza,-0.5047619047619047
Racerboy427,-0.8
Dordielicious,-0.65625
jimmyscott14,-0.6999999999999998
thisthingcalledhuman,-0.525
centience,-0.8499999999999999
potatosareonions,-0.6
AceKoopa818,-0.7142857142857143
imnotfromfrance,-0.6999999999999998
Prince_Manay_Bora,-0.50625
rereffuslanrete,-0.7142857142857143
cashmeretrip,-0.5190476190476191
srhythmmelody,-0.7
throwaway696969etc,-0.5428571428571429
LifeGrade5,-0.5666666666666667
TTVAundreas,-0.65
LREED42,-0.6999999999999998
itsavava,-0.5261904761904762
Cato4797,-0.5078822544642856
GF_ALWAYS_WATCHING,-1.0
mariapostedthat,-0.5249999999999999
lavenderliv,-1.0
Wanjis,-0.8749999999999998
cam_bagels,-0.95
troydotraw,-0.75
Advilthedestroyer,-0.6375000000000001
I_found_BACON,-0.5444444444444444
TheEstherCutie,-0.52
Snow01234,-0.5595238095238095
debbie_the-downer,-0.6
DearNikki94,-0.6328125
SeaPanda23,-0.5916666666666666
steven_mcqueenen,-0.6999999999999998
Wisso94,-0.6999999999999998
TheFatLazyasscat,-0.6
Siegbrau,-0.8
loaderchips,-0.6333333333333333
jellyeng,-0.5111111111111111
Mistixx,-0.6666666666666666
migs88,-0.78
AmluBrazil,-0.9
madethisonthepooper,-0.7142857142857143
mrmurvi,-0.8
hypergalaxyguy,-0.6
Jozeebox,-0.6
sassypuff01,-0.5319444444444443
GUACISBACK,-0.5333333333333333
ToastyNathan,-0.5028571428571429
BrynjolfIsLife,-0.6000000000000001
pitawkristiansen,-0.7
Jayy1995,-0.5690476190476189
puppylove827291,-0.75
NormieWenus,-0.5333333333333333
unpoeticwriterr42,-0.6
radioshithead,-0.65625
smitty71797,-0.8
ImoutoLover69,-0.6499999999999999
Slickbick,-0.5047619047619047
cory667,-0.6000000000000001
answermanias,-0.8666666666666666
Criticized-,-0.6
not-your-dad-bich,-1.0
sunnydaysweeping,-0.6166666666666667
lukasthomas12345,-0.5374999999999999
orchidmantis94,-0.58
XXXDRAVENGOD,-0.7249999999999999
frogshithomie,-0.5166666666666667
sanjinas,-0.7249999999999999
droppsupdog9,-0.8499999999999999
raphobbit,-1.0
prettylittleliongirl,-0.8
FlipperDePanda,-0.6000000000000001
Willowsatine,-1.0
Ellis_Boatwright,-0.53
skinjuice,-0.9
EthanIsAsleep,-0.58
texas214tc,-0.5666666666666668
khamibrawler,-0.6
Breadluva69,-0.6479166666666666
HelloKeeks,-0.75
waltermittyslife,-0.5833333333333333
Divine_Roses,-0.7
Longbooty,-0.6999999999999998
waqasvic,-1.0
WastingMyLifeHere2,-0.6499999999999999
Feebleprincess,-0.6593749999999999
SadButterscotch2,-0.5285714285714285
JusChilin,-0.7
hannahfisher720,-0.5571428571428572
kinarose,-0.6999999999999998
Hogmoth12,-0.5666666666666665
neuuutral,-0.51
qwdrtesa,-0.6866071428571429
insensitive999,-0.5549999999999999
12elephants,-0.7000000000000001
FrenchToastedFries86,-0.6
sociooutcast,-1.0
violetsuzette,-0.6333333333333333
ReallyGoodBook,-1.0
hopeingidie,-0.7142857142857143
sociallyanxiousliz,-0.65
arktic-escobar,-0.6666666666666666
roll-call,-0.6
IllBattle0,-1.0
blerrycat,-0.6
iamnothingofvalue,-0.6458333333333334
sobellaa,-0.5499999999999999
ayden634,-0.55
demoniccvoice,-0.7999999999999999
ahrumpark,-0.6
retarded_cheese,-0.7666666666666666
kynoleague,-0.6999999999999998
tigergait,-0.65
seahorseknowssmth,-0.55
chri126y,-0.5857142857142857
diediedie111,-0.6
TheOldestRedditor,-0.6236111111111111
Justsimplyginger,-0.6999999999999998
TheBigBnananananan,-0.6499999999999999
cubicwhale,-0.74
itistoomuch,-0.6
lif77,-0.6
Mental_Survivor,-0.6
cheekyindo,-0.75
chelowl,-0.5999999999999999
throwaway40593698,-0.55
that_weird_fella,-0.7
DeeplyRegretful1,-0.575
zxccvbnvc,-0.6
Randz55,-0.65625
toldosay,-0.6
raxuseng,-0.6999999999999998
RocketMan3411,-0.6
Zetrical,-0.6
tobiashraje,-0.5666666666666665
paranoidcentral,-0.625
angelsgirl2002,-0.6
skywlkr64,-0.6
Jozzey07,-0.575
uhgageuh,-0.6
ohhml,-0.75
FourAM-Throwaway,-0.6
cisylvania,-0.6
drain_gang,-0.8
jdpm1991,-0.8
sn2606,-0.6
Jociipher,-0.8
lolinblackandwhite,-0.6
Oedema5,-0.7999999999999999
throwawaysed12345,-0.6032738095238095
Ruslanvich,-0.6
Tomaiit,-0.5035714285714286
Snotroggeltje,-0.5625
Paranoid5,-0.625
ponch77,-1.0
jisatsufevereiro,-0.5625
throwawaynotbrave,-0.5333333333333333
AlterEgo002,-0.6
Adventurri,-0.6999999999999998
XOXOAnn72,-0.5444444444444444
wja77754,-0.6
Zockop,-0.8
crimmhasacorns,-1.0
allyzflamingo,-0.525
Caleb_Haider02,-0.6055555555555555
why_not1223,-0.7
throwingawaythrowa,-0.6
miserywantscompany,-1.0
Fant_Writer,-0.7638888888888888
Aruji-Sama,-0.6
psychoticbitch2,-0.55
707_Person,-0.6312500000000001
ambienchick,-0.6999999999999998
hubbabubbasnake,-0.8
sauara,-0.6
DisastrousApricot1,-0.6
joepoeaz,-0.6
jedd8,-0.6
wewerere12123434,-0.6
Njskdn12,-0.75
throwaway729184,-0.55
TaquitoGrill,-0.5999999999999999
yona55,-0.6
alielantha,-0.6
baka_chuu,-0.6571428571428571
alicialoveme,-0.54375
glitter_hippie,-0.6999999999999998
Cbb_girl,-0.6
yerrrboy3,-0.75
bitterandsalt,-0.85
7654756474567456745t,-0.8999999999999999
acc_made_for_this,-0.6
Memus_kadevus,-0.7333333333333334
bluebluewoodward,-0.6
Ezpzjapanesey,-0.5666666666666667
dksrymeg,-0.6
beegj0e123,-0.6
Bidingtime77,-0.5499999999999999
Feircemajora,-1.0
octoveli,-0.5082619047619047
AreYouHelpingMate,-0.5111111111111111
WingzOfAButterfly,-0.6000000000000001
DieForPeace,-0.5111111111111111
ImJustABrokenGuy,-0.625
throwaway2858692,-0.8
Caruas,-0.5047619047619047
ainttakingyerjerbs,-0.6999999999999998
rynohs,-0.6
agent_ulgrin,-0.5333333333333333
hyperman2019,-0.5999999999999999
LNAKL,-0.9099999999999998
NotSoComicSans,-0.5255050505050505
erolcanustundag,-0.6
madeofcum,-0.6
Customatom,-0.6
SomeBetus,-0.6
raptureocean,-0.575
shouldiknowwhatname,-0.5428571428571428
CalmPlant,-0.7
ManIdontLikeAnything,-0.5178571428571428
TransAlly3,-0.75
bxnnxtt,-0.6999999999999998
gr8kris,-0.9
tttthrowawayp,-1.0
bjoelcole,-0.7
marona999,-0.7
JohnnyBoiii36,-1.0
wheyooo,-0.7142857142857143
cloverfence,-0.6575
Zacollins,-0.8
ineedhelpbutidont,-1.0
throwwayoutthetrash,-0.5499999999999999
AaravX64,-0.7
SpEdClan,-0.6
ColtAzayaka,-0.6999999999999998
jacketslut322,-0.6
IBCBLACKCHERRY,-0.7
lilmemorycard,-1.0
Urboy888,-0.8
mjauitslocu,-0.8
BeduinoZero,-0.6
KevinCrazzyGuy,-0.8
Deica_04,-0.7333333333333333
vnea,-0.6458333333333334
po15ut,-0.5443681318681318
apatheticcccc,-0.5333333333333333
NumerousSun,-0.5499999999999999
cat-lover101,-0.5666666666666668
katt_twinkletoes,-0.5909090909090909
sadzwieback,-0.8
existence777,-0.6
Funniest_meme,-0.6666666666666666
AnarchistHeadcase,-0.7375
oliviasea,-0.6
0vrwhelmed,-0.5312500000000001
erectilediskfunction,-0.5928571428571429
ShyDeadpan,-1.0
kirasama1697,-0.75
throwaway2344324932,-0.5499999999999999
GoldSmith64,-0.5199999999999999
flaymymind69,-0.5166666666666667
ArtisticSoup,-0.75
mercedobenzene,-0.675
Noop83noop,-0.5546296296296297
coin-operatedkitten,-0.574025974025974
dankmeme77,-0.5650000000000001
SoulfulYam,-0.75
ughahno,-0.8
hdjgdhjd,-0.6
cantwait_e,-0.6
idk_an_username,-0.5890625
pifire456,-0.75
key-blades,-0.5200000000000001
rightclickundo,-0.8
KOfLegend,-0.5714285714285715
arktic-escobar,-0.6666666666666666
BlueThoth,-0.5880952380952381
hiimdeadinside,-0.7333333333333334
getoffmyporchpls,-0.5994047619047619
GrandmaJoe666,-0.575
Northerncoast,-0.6
kuwyi_,-0.6106060606060606
SuicidalBarb,-0.5145703125000001
throwmeaway4257777,-0.6
Roxas-WeAreOne,-0.65
UnjustDuality,-0.525
veryinappopriate,-0.5416666666666667
SadBlap,-0.5428571428571428
pinkcolored,-1.0
_another_person,-0.8
RealKaiserWilheml,-0.8
ClinicalClamaity,-0.5499999999999999
HauntedCastles,-0.582857142857143
mallalolano,-0.7333333333333334
limuc,-0.5750000000000001
gabegee,-0.665367965367965
JustALostGuy95,-0.7
Fozza22,-0.6666666666666666
Valdemar849,-0.6
ExileZerik,-0.7142857142857143
s6n6nd6,-0.6
blue_coral_green,-0.6
BeneficialPear,-0.8499999999999999
ravenclawchaser3,-0.6999999999999998
enjoythesilence93,-0.9
CarterCat04,-0.6
atomus70,-0.5833333333333334
Gerdione,-0.74
fuckingzazzed,-0.6749999999999999
bwjebdj,-0.7428571428571428
yisoup,-0.6999999999999998
throwaway12837812,-0.5458333333333333
xwalterrx,-0.5614583333333334
itsfree-real-estate,-0.8
DasUberAlles,-0.6
killax34,-0.575
jennalesperance,-0.8
Cbb_girl,-1.0
thepeople103,-0.52
sad011519,-0.5785714285714286
KrustyKrab_Is_Unfair,-0.9
lostandconfused482,-0.75
Mariehouglum,-0.6
shartattack88,-0.8
Re-Cloud,-0.5831632653061224
Cizma77,-0.7142857142857143
lookatmahfeet,-0.5518518518518518
Starting987,-0.5166666666666667
LionOfJuda47,-0.5625
chocari,-1.0
foronemoreday,-0.6
EllaEllaAye,-1.0
Yomuyomu,-0.5766666666666667
SociallyAwkwardDicty,-0.5275000000000001
OrdenMace,-0.6
lavenderchai,-0.8
bpsoooolost,-0.6999999999999998
cacacake,-0.5428571428571428
LonelyPanda7,-0.6
someone2222222,-0.525
MaverickLeader,-0.5333333333333333
Meat-tenderiser,-0.7142857142857143
foxcat27382,-0.75
WrightAlways,-0.55
biepboep,-0.6
waiting_for_my_death,-0.5724358974358974
awaytoolongusername,-0.5333333333333333
pivotalperson,-0.5047619047619047
nicoleabi2134,-0.5005456349206349
NewPurpose4,-0.6
MarilynDret12,-0.575
Moon322,-0.6333333333333333
EmmaRedditerGirl,-0.8
AnotherAnsem,-0.8
tahh567,-0.625
noreceptionplease,-0.5208333333333334
sorvetegatinho,-0.5916666666666667
BadInCommon,-0.6499999999999999
LoudAboutIt,-0.65
HeadlessLegoMan,-0.5333333333333333
ThisIsNotMyReallName,-0.8
julieluvsyou,-0.7666666666666666
cableses,-0.5916666666666665
PracticalIndication,-0.8
lolinblackandwhite,-0.6
TK_Teja,-0.6000000000000001
_murtaza__,-0.8
reddit6500,-0.6499999999999999
PinkWatermelon555,-0.6
Onekler,-0.6875
Twigganape,-0.7
notianfele,-0.5499999999999999
julipjones,-0.6999999999999998
megathot5000,-0.5833333333333333
SickedWickHere_,-0.72
canthinkofausernam73,-0.55
turningbullets,-1.0
XOXOAnn72,-0.5444444444444444
strawberryxcore,-0.625
stefannxD,-0.6
45gudan,-0.6999999999999998
zerotwolover05,-0.6
AllianzVapor,-0.6
DontTrip781,-0.6999999999999998
Synaxo,-0.6333333333333333
GA_ThraWn_010,-0.5458333333333334
bluegass3,-0.525
rugbykid98,-0.5333333333333333
ki_no,-0.5666666666666665
malaproperism,-1.0
--Sigma--,-0.545
rl3456,-0.8
Lia201,-0.65
kimparkmoonjung,-0.75
RVDKaneanite,-0.55
Applesauce7896,-0.6
phauxxing,-0.5066666666666666
McDaddy-O,-0.6399999999999999
bzg666,-0.75
RainbowyOwl,-0.55
BrainX123,-0.5625
trepetrepge,-0.637037037037037
throwmeawayimbasura,-1.0
theshadowking_,-0.6999999999999998
cheeseyoghurt,-0.6
memesterofpuppets,-0.5333333333333333
bothp,-0.5333333333333333
vibrantax,-0.7
CorrectFlight,-0.525
throwaway554z,-0.8
jon6778,-0.6
ZengZiong,-0.5518518518518518
Mankind93,-1.0
TrynnaBeSomething,-0.5458333333333333
Binnenvetter,-0.7
gunsnrosesforever,-0.5666666666666667
FUZZYPAJAMAS13,-0.6333333333333334
XRYAF,-0.6
kel-dash,-0.5125
gambler_no_1,-0.6
manolodogueto,-0.6499999999999999
pudgemagee,-0.55
Springfeeeeel,-1.0
WhittyViolet,-1.0
FreakForCheese,-0.6799999999999999
Wmiller6,-0.5666666666666668
depresslimbo,-0.5583333333333333
harekoren,-0.5785714285714286
tearscloud,-0.5458333333333334
nos-urprises,-0.65
loveucoco,-0.5166666666666667
answermanias,-0.8666666666666666
taccx,-0.7142857142857143
Alekejj,-0.7499999999999999
fanxystillflex,-0.8
CelesAlfort,-1.0
Cheesy623,-0.6999999999999998
twynf224,-0.5059974747474748
swisperino,-0.8
KingSwift89,-0.8
Papertower,-0.6500000000000001
SoullessSDB,-0.6999999999999998
defected96,-0.7
pepperoniepink,-0.6
geointalan,-0.8
babydaisylover,-0.5199999999999999
meatloafball,-0.5597222222222222
depressedcorgiowner,-0.6
JamesAlun,-0.6
anonynell,-0.5333333333333333
cookiesanders97,-0.6999999999999998
dankpope69,-0.6
TitusAndromedon-,-0.8000000000000078
LuctusR,-0.7
CornBread5287,-0.5333333333333333
kashdevil,-0.8000000000000002
Kaneki411,-0.55
SimpleSpinach,-0.6
bigfckincheesegrater,-1.0
threwaway__0,-0.55
lovingMercy,-0.6
full_body_pajamas,-0.6
ScrotumTotums,-0.5416666666666666
Ryder12_real,-0.8
ghostinpassing,-0.7333333333333334
ShadowZRiZe,-0.6
iamveryseriouz,-0.5166666666666667
randomaltname2,-1.0
autistic_statistics,-0.7875000000000001
MrSwampAss,-0.5765625
lizard-boyo,-0.5029761904761905
destroyeddefeat2010,-0.6
alwayscomplex,-0.55
shit_ayyyy,-0.6
everlastinghalcyon,-0.55
DruggedLivingDead,-0.5505952380952381
wasdytheloser,-0.6333333333333333
TheKnightOfAutisma,-0.6
hanson93,-0.7142857142857143
depressedpartner1,-0.55
Keikei96,-0.54
BabyLlama243,-0.6
tteapots,-0.5199999999999999
Kurt_Osianders_Hair,-0.5619047619047619
caramellie_,-0.6999999999999998
thoushaltnotpiss,-0.8
bbgirlx0x0,-0.5208333333333334
trustinjesus77,-0.8928571428571429
PriorityOrder,-0.5476190476190476
TheVectorEffect,-0.5222222222222223
knbyzt,-0.6999999999999998
Xhanon,-0.55
SinkEmAll,-0.675
FunkDemon,-0.5571428571428572
HellyOHaint,-0.6
lLOVEITWHENTHEYRUN,-0.5416666666666666
rico_rodriguez42,-0.5666666666666668
lov3galor3,-0.8
Hyproo,-0.505
PassLosPurp945,-0.5833333333333334
Augusic,-0.7
Markymark5t,-0.6000000000000001
full-time-redditor,-1.0
Rynteh,-0.9
DangerouslyDia,-0.575
Ontothesubreddits,-0.65
beetlejuicing97,-0.6333333333333333
dontwantone5,-0.5111111111111111
JazzyXXj,-0.8666666666666667
MotorEsp1,-0.78125
yeetthisiffake,-0.5499999999999999
kingnizardconip_89,-0.7142857142857143
Sir-Tiedye,-0.7999999999999999
ShockStriX,-0.6333333333333333
inprovidence999,-0.7
andrewjacksonwasaman,-0.5733333333333334
mooniku,-0.7551020408163265
socialanxietylol,-0.613095238095238
honest-ulquiorra,-0.5333333333333333
buddycool,-0.65
DeaVenom,-0.5185185185185185
reformedman,-0.5833333333333334
LimpBuilder,-0.8000000000000002
Yeahokwhatit,-0.6999999999999998
theadhdkid12,-0.6666666666666666
Poiuqwertz,-0.525
tandras1,-0.5268518518518519
marsacat27,-0.5499999999999999
diget17,-0.6
xivanhnee,-0.6999999999999998
throwaway9261995,-0.8
hp021196,-0.73125
TheRealSirSpoof,-0.5666666666666665
Astro53,-0.5499999999999999
iamtiredbye,-0.5523809523809524
agent54545454,-0.6333333333333334
throwaway006100851,-0.8
TotallyNotTransSara,-0.7999999999999985
loveandlive13,-0.6333333333333333
MakeWMGreatAgain,-0.6999999999999998
AutomaticPhysics,-0.5599999999999999
-PuLsarSeven-,-0.6
yeetsandcrossaints,-0.5888888888888889
Dagothwave,-0.5499999999999999
Insomnia_Disease,-0.6
Misslyly,-0.6
neupermichael,-0.7142857142857143
user2993993939339393,-0.575
throwaway24022000,-0.6000000000000001
kliewqut,-0.5166666666666667
davemadgew,-1.0
Toodumb2live,-0.6999999999999998
haileygracie,-0.525
Challabroooooo,-1.0
AndrewWantsUpvotes,-0.6214285714285713
sabrinaknows,-1.0
old_papa_louie,-0.6666666666666666
itsthrowawaymydude,-0.575
tsvetanvalkov,-0.8
tsasna,-0.575
sabtans,-0.525
throwsawaymylife,-0.65
gangstatr,-0.6999999999999998
IRBaconStrips,-0.55
shepardmee,-0.7
throwaway-2056,-1.0
JMovilla,-0.625
ashypantzz,-0.8
yungscarecrown,-0.6
colewilco,-0.65
RooRoux,-1.0
jayitinc,-0.562857142857143
catsRawesome123,-0.5750000000000001
Greg_Willis,-0.5159090909090909
Tesspa3,-0.6666666666666666
Just_trixia,-0.8666666666666667
cutedeadgrrl,-0.5125
neo225,-0.5083333333333333
ad2294,-0.6
time-gear,-0.7
saturnparty,-0.6999999999999998
filthy-casual-,-0.6
mychemromance99,-0.7
idfcppl,-0.50625
snailsareprettynice,-0.6
Leno_pro,-0.65
basicallywtf_,-0.5625
pandsftw,-0.7
wgjmom,-0.6000000000000001
broadmat,-0.7142857142857143
edorey21,-0.75
Melkoroth,-0.75
navybeast21,-0.7999999999999999
maybensfw95,-0.5449999999999999
ausername-,-0.9
brokenpa,-0.6999999999999998
swatchoutbud,-0.7000000000000001
clippedwingangel,-0.6
LargeMcNards,-0.5428571428571429
Human_Not_Found_,-0.6
Snuable,-0.5194805194805194
youdietonight,-1.0
MiiJack,-0.9
nineteenninetysux,-0.6927272727272727
jurzaft,-0.6
bunny1947,-0.75
alexhjones95,-0.9
YourLongLostDad,-0.5571428571428572
mon0chrom,-0.65
skiimaskk,-0.6666666666666666
uniQ_snofake,-0.5333333333333333
abouta5outoften,-0.7000000000000001
Shatterednknackered,-0.575
goodbye152637,-0.5333333333333333
HollyJean6,-0.64
Time_Lapses,-0.725
Mental5Emperor,-0.5283333333333332
Littlefuty,-0.8
1000ancestors,-0.6714285714285715
Tenar_of_Atuan,-0.55
AmberPrlce,-0.8
iam_Elizabethkat,-0.6
endofthegame,-1.0
thelonelybean,-1.0
Tortuga629,-0.5125
sunshineishere,-0.6
chaelkins,-0.6499999999999999
prettyrecklessx3,-0.5166666666666667
ExistentialBurrito,-0.8999999999999999
ziamal,-0.5944444444444446
iwanttobecomedeath,-0.6499999999999999
gtafanboy25,-0.5166666666666667
Vexrah,-0.8
AllistairT,-0.6666666666666666
jflow2,-0.6999999999999998
The_Magnifcent_Troll,-0.6
makushla,-0.6000000000000001
luna_rna,-0.7999999999999999
dieinhelll,-0.6
alcoholmybestfriend,-0.6
fluffyturtle44,-0.8
tiiiiiide,-0.5666666666666665
sapphorainbow,-0.62
goddammitfuckdude,-0.6517857142857143
aws8041,-0.7
daydreamer782,-1.0
AsleepContribution,-0.6571428571428571
__CHEECH__,-0.8000000000000002
2Kanye2West,-0.6458333333333334
Manny656,-0.5333333333333333
CreatureOfTheNyte,-0.8
smslc,-0.75
Needed_,-0.7
CommunicationalDip,-0.528125
JohnMayerismydad,-0.55
n7cn7c,-0.9
dryicebryce,-0.575
MetalGear777,-0.5166666666666666
EX11330,-0.7333333333333334
cullenscottt,-0.7
hyperchord24,-0.5249999999999999
Pm_me_ur_trap_dick,-0.6
notsmithichie,-0.6099999999999999
widardofsnoz,-0.535
katwolf77,-0.5055555555555555
ghiaccio_,-0.6666666666666665
m0ndieu,-0.6999999999999998
Arushan,-0.75
AttonRand1,-0.5333333333333333
ThrowAway2018Throw,-0.5499999999999999
thouxanbankitty,-0.6
dec_30_2017,-0.625
bjorkv,-0.6
ABTheProdigy,-0.5351851851851851
jyubnub,-0.7999999999999999
ke2227,-0.6
wburton95,-0.7666666666666666
AnarchistPermavirgin,-0.54
Darthballs16,-0.6
joydbf,-0.78
molpart,-0.6666666666666666
betternotaskonmain,-0.5166666666666667
darude11,-0.5409090909090909
evgasmic,-0.6
Yerian051,-0.6
Nystein,-0.625
MnOGraphite,-0.75
SgtCezar,-0.575
alexaplaynwa,-0.5273809523809524
apicalmermaid,-0.6
Base02,-0.55
molested_baby,-0.55
pointblankmos,-0.7
SakuraPrincess421,-0.625
depressedbae,-0.9
StopTheDamnTrainCJ,-1.0
pellen101,-0.8
SupraChandler,-0.5666666666666667
luC-64,-0.5375
onlyslightlybananas,-0.6999999999999998
skfrr,-0.5111111111111111
Redstone_Rager,-0.6999999999999998
ClubSubZero,-0.6000000000000001
Extraterrestrial69,-0.54
jayvee2410,-0.7142857142857143
yield,-0.8
aslonelyaslaika,-0.55
tmzacher612,-0.54
emo-cupcake,-0.5349999999999999
CowardlyRedditor,-1.0
Canisaynothing,-0.8
marrello91,-0.5499999999999999
NoNames2,-0.75
Lysalana,-0.8
vengeance0,-0.6
oof033,-0.89
DrLove3,-0.5115384615384615
bluebrokolXOboy,-0.6
RainbowCrocs,-0.55
i_man_herzog,-0.6
WhickWhackWhockm8,-0.6
Sxlys,-0.5750000000000001
imigiv,-0.6500000000000001
deadTig,-0.75
confessionboxlate,-0.6
flying_thru_the_sky,-0.5150462962962963
Ballawithquestions2,-0.7
nycismysavior,-0.8499999999999999
sunbunhd11239,-0.6
SoulfulYam,-1.0
MAGDALENAMALVINA,-0.5199999999999999
MarcTheMerchant,-0.5761904761904763
UndercoverMartyn23,-0.5333333333333333
whatsthepoint21,-0.6999999999999998
Hansel-356,-0.6
485125884,-0.7
BasicallyATard,-0.65
drugstolive,-0.6166666666666667
Bob_crachit,-1.0
xsweetxleafx,-0.7
antonio_da_man,-0.55
marialeeyan,-0.6999999999999998
DumbGoalz,-0.5333333333333333
theow8,-0.6
Loganed1,-0.7142857142857143
Captain_corde,-0.9
just-other-person,-0.8
feelings_suck_ass,-0.8
johnnybravo2042,-0.6416666666666667
eggrncrnuffin,-0.6
oxytwo,-0.6999999999999998
sayoribestdoki,-0.6999999999999998
rambo_beetle,-0.6
totsi4,-0.5203125
usuallastwords,-0.54
The_Hermit_You_Know,-0.5571428571428572
Senguin117,-0.6666666666666666
Loneavenger93,-0.55
DragonForce92,-0.546875
Cyborg_Dolphin_,-1.0
MontanaHippyChick,-0.6
secretboneraccount,-0.8125
IBurnedMyBalls,-0.6333333333333334
katherinethemediocre,-0.5666666666666665
juankardash,-0.7999999999999999
ijustwannadiealready,-0.6333333333333332
themexicanarabesque,-0.6
breakfastslut,-0.7499999999999999
UnderDevelopedPotato,-0.6999999999999998
TheTimeShifter,-0.8
sorryxo,-0.5499999999999999
VitrueFocus,-1.0
brandonmargera,-0.5999999999999999
jessemagowan,-0.7714285714285714
meiniemoon,-0.6999999999999998
skylercoombs,-0.5933333333333334
H3Y_there_neighbor,-0.5333333333333333
AndreaWuffy,-0.65
emogirl123456,-0.6
shaybaebie,-0.5666666666666668
guacamole3434,-0.7
Anonymousandepressed,-0.625
Morsara,-0.6
Just_One_Umami,-0.6
Guy2ter,-0.6
_ZiNoS_,-0.5650000000000001
meowscx,-0.6999999999999998
ClassifiedRain,-0.5333333333333333
tortitagordita,-0.5499999999999999
edgyteen-420,-0.55
Copter53,-0.8
ImJustVenting2,-0.6
negativepal,-0.525
theholyshadyx,-0.75
ToeSuckerSsj,-0.6
Ryan1086,-0.75
Jinx-Did-9-11,-1.0
masallii,-0.5333333333333333
sunflowerxx09,-0.5875
foxychi,-0.5333333333333333
donaps_13,-0.76
vaderchokedabitch,-0.6
rainloading,-0.625
danieltargaryean,-0.8
Strata_Genius,-0.5249999999999999
Tx_Euphoria,-0.6
throwawayletmedie123,-1.0
SkeetOnMyFeet12,-0.6999999999999998
bearlikeshotcheetos,-0.7
Miserable_Slave,-0.5313131313131314
Babbers2991,-0.5999999999999999
simple-squamous-epi,-0.6666666666666666
JustIrish17,-0.6
ElGuayaba,-0.5357142857142857
Depress3dthrowaway,-0.5444444444444444
Jopoteppo,-0.54
lilac_skies00,-0.7
Destde,-0.6642857142857143
FormidableBreadStick,-0.50625
Pawpothole,-0.5466666666666666
SomeoneHelpMe1348,-1.0
depressosneakerhead,-0.6999999999999998
sambo_escobar,-0.5571428571428572
Parmenidesplease,-0.5544444444444444
29012019,-0.7142857142857143
katiebear21,-0.8999999999999999
PurplePrince7,-0.6
strang12,-0.55
tranzyzions,-0.6
How_soon_isNow,-0.6874999999999999
CrustyMushrooms,-0.5666666666666665
hankthelab,-0.5333333333333333
throwaway68754579643,-1.0
benxchow,-0.8
dms7839,-0.5166666666666666
TheSixtyFreezer,-0.6
whaq63,-0.825
LillyTheEnderdragon,-0.6666666666666666
MrWeirdKid,-0.5166666666666667
sueadhead,-0.5214285714285715
frailstateofmind_,-0.8
VeganSadRoll,-0.8
zilleredge,-0.8
Dragonsgurl21,-0.675
lemonadecoldpressed,-0.5479166666666666
Insignificant11111,-0.5333333333333333
mitchisawesome,-0.7999999999999999
niconicodance,-0.6047619047619048
therapus,-0.75
baillief,-0.65
ihatemyself10919,-0.5857142857142856
BarryO44thCommander,-0.75
IWIWD2000,-0.5068376068376068
IlliterateGent,-0.6
REGULARSIZEDSHARK,-0.5875
soimaskingforafriend,-0.5425
bluesrosemary,-0.75
yung_dat,-1.0
artistofmanyforms,-0.5408730158730158
PipPup77,-0.6278571428571429
DespressoCafe,-0.5333333333333333
Electronic_Bath,-0.5034722222222222
boxofrocks14,-0.6
bennyunderscore,-0.5227272727272727
Kadexus,-0.5625
Imprison44,-0.5333333333333333
wastedongrainalcohol,-0.75
diamondvalentine1,-0.575
Spuntmire,-0.5666666666666665
annyongliz,-0.8
myheadhurtzzzz,-0.6399999999999999
takerloverbeaver,-0.9333333333333332
fuckedupgiirl,-0.53125
dapsthe,-0.7249999999999999
jasonk2424,-0.6
PepeLeForg,-0.75
mykenziemasters,-0.5085454545454546
losinggravity,-0.5333333333333332
MilanJamesYT,-0.8000000000000002
Baljeetsintern,-0.5142857142857142
t1Demotions,-0.6999999999999998
tyrannosaurusfox,-0.7384615384615384
TheGuaremate,-0.6999999999999998
Drowsyflakes,-0.5222222222222223
wasgoodbruhh,-0.5666666666666667
NIGGLE_69_RAPE,-0.5333333333333333
l3av3m3al0n3,-0.6
jacobscrackets,-0.6999999999999998
CaptainNerdy,-0.5092592592592592
filete_,-0.5055555555555555
perfectenschlag-,-0.8666666666666667
random_6363626271,-0.5675
thelone_survivor,-0.55
TheTiredDuckling,-0.7
JayDee_45,-0.6999999999999998
GabbyMoon,-0.5875
ivgvla,-0.6
skeel05,-0.8333333333333334
Trecj,-0.65
AhalurAdaNionAlonin,-0.75
Ancient-Zebra,-1.0
O00Jensen00O,-0.763888888888889
H3Y_there_neighbor,-0.6
reallyfunkyguy,-1.0
93838hd,-0.6071428571428572
Therandomfox,-0.5416666666666666
bitch-with-a-bong,-0.8000000000000002
natashabalovski,-0.6999999999999998
kankerpaupernicht,-0.55
Honeybeebuz,-0.8
soosbear,-0.6
ashlo194,-0.8
3throwawaybiscuit3,-0.6166666666666667
yknaow,-0.6999999999999998
throwaway3626781863,-0.7000000000000001
PinkBaller,-0.6999999999999998
Localman1972,-0.6999999999999998
shardul_vartak,-0.6
kavinab1,-0.6999999999999998
Weak_gal,-0.625
Farcry_Wanderer44,-0.6458333333333334
throwaway77530,-0.65
mc0204,-0.5222222222222221
SecondAccountv3,-0.5333333333333333
frozenfishfood,-0.59
TheNaiveNarwhal,-0.6124999999999999
the-crows-know,-0.6
Dumpman223,-0.8
yuna95,-0.525
cetrious,-0.5499999999999999
ISwearImBaby,-0.7428571428571429
doggiedisk,-0.6
lushlolly988,-0.8
kebabstick64,-0.7049999999999998
jatt4646,-0.5333333333333333
ManicRuvik,-0.5428571428571429
SaysHiToAsssholes,-1.0
thesupernintendofan,-0.7142857142857143
cheli-chellers,-1.0
LilithRichtofen,-0.5750000000000001
luna1-618,-0.6166666666666667
HappyTrav20,-0.6666666666666666
RozeQuartz26,-0.6
FederalCollection69,-0.6733333333333335
spawnofdexter,-0.8999999999999999
WorldWarIIGaming,-0.6999999999999998
RaikuFA,-0.8
flaccid-giraffe,-0.527935606060606
muffinpantsonfire,-0.5821428571428571
lananotdelreythough,-0.9
sadgothboy_,-0.5999999999999999
rekih,-0.6
RelentlessHooah,-0.6999999999999998
sadmooncalf,-0.5333333333333333
deadly-duo,-0.7184210526315788
thunderwarp,-0.6
Kevilamadingdong,-0.675
jackfrost283,-0.8
Anyswong7,-0.8666666666666666
matreps,-0.6
TheG8Uniter,-0.7000000000000001
MidnightPeachButcher,-0.5047619047619047
NatPierlot,-0.6999999999999998
GRIMS_THE_CLOWN,-0.6549999999999999
venuscorpse,-0.6458333333333334
cure4fun,-0.6499999999999999
wholemealrex3,-0.7333333333333333
Annual-Log,-0.6666666666666666
Throw-The-O,-0.65
LegitViper83,-0.8
kansnsndndndndnhyy,-0.6
hrshpreet,-0.5499999999999999
Noongark,-0.6625
Babez1lla,-0.5090909090909091
Frost_Red,-0.8
Adijia,-0.60625
whatamidoingbruhh,-0.8
greeneyesgirl33,-0.5916666666666666
zombik327,-0.5625
pissinglimplettuce,-0.58
FonderDoujin,-0.9
Hurtandtired1982,-0.5458333333333334
mmmmmel_,-1.0
lil_drummer_boi99,-0.6
ogferg,-0.7000000000000001
preutneuker,-0.5333333333333333
IZesler999,-0.9375
hoopaloopa44,-0.8
advhhfdssdfthvxx,-0.8
inicxlez,-0.5599999999999999
levijensen666,-0.6
ThrowRA-nickynegrea,-0.5888888888888888
sillybannanabench,-0.6499999999999999
cruelirony88,-0.5083333333333334
crazybadger96,-0.5375
slenderman2525,-0.5625
BlueRoseBlue21,-0.8
monaareal,-0.6708333333333333
fecklesscoward,-0.5329966329966331
heyihaveaquestion666,-0.625
safe-village,-0.525
silent_kevin_gnapoor,-0.75
sassystar67,-0.6
just2ventonhowimaho,-0.6000000000000001
memuench,-0.6
baileyandthetramp,-0.7999999999999999
ungeschlechtlich,-0.6999999999999998
wrenatha,-0.65
joshiahblackburn,-1.0
jpsmi,-0.5333333333333333
thisisruben004,-0.52
prematurehobo,-0.75
realCalivinMitch,-0.6999999999999998
CharMHM,-0.6028571428571429
Turbulent-Beyond,-0.54
bagwise,-0.5259259259259259
BeachSamurai,-0.5851851851851851
gruian6,-1.0
A_D11,-0.6
its-ya-boi-anxious,-0.6999999999999998
punkake22,-0.75
friskypeach_,-0.5333333333333333
fat-rats,-1.0
eu168k,-0.7999999999999999
toohot4me,-0.6
Bumfacef,-0.5020833333333333
TheDeanofSass,-0.8333333333333334
maronelahone,-0.6
StigBlade,-0.6999999999999998
naamgamer,-0.6
billiebot666,-0.6333333333333333
pointlemiserables,-0.6421875
parksoouyung,-1.0
thisisathrowaway2021,-1.0
_hotsaucechips,-0.5777777777777777
chcistine,-0.8
Reoclassic,-0.525
chainandscale,-0.5138888888888888
abbyacorda,-0.575
Loren_Soth,-0.6
Rafinha-do-R6,-0.6
jisichucha,-1.0
foul-is-here,-0.5666666666666667
megamindsmistress,-0.6199999999999999
unboundcheese,-1.0
appleand1,-0.6583333333333333
what-the-fuck-is-up,-0.625
elogrc,-0.6
BigRedBro888,-0.600925925925926
stefanfan101,-0.6
NaveedAkhtar1,-0.75
avegonzo,-0.5125
grimmrum,-1.0
WaydeHenderson,-0.5666666666666668
HairyTofu,-0.8
hotpocketdamn,-0.8
wishingbee,-0.6071428571428572
dobby_h,-0.75
sunflowerseeds123,-0.525
surfinsano,-0.5201923076923077
miiuna,-0.6
Baphomet6006,-0.51
Neo_Eros9,-0.625
ttxox,-0.5375000000000001
rustycuber,-0.5666666666666665
Natz35454,-0.5833333333333334
aesbabic,-0.5601319875776398
CherryVanillaPop,-0.8
snatchin,-0.6
therealclefunable,-1.0
Y2KCEL,-0.7
kusattapan,-0.6
sakurasangel,-0.8
Jezarr,-0.6
metalkan,-0.6
Hoopsyo,-0.6
4bruoliveira,-0.6
loloyolo69,-0.5999999999999999
fdsajklgh,-0.6071428571428572
Ekibs,-0.9
StReSsEdToThEmAxx,-0.775
StaticSkuLL,-0.5142857142857143
bonbon0,-0.6
yeetermcskeeter3,-0.5499999999999999
CreativeName-_-,-0.6999999999999998
NickyKarma,-0.6
pepa_pig_yum_yum,-0.6
I-Iarambe,-1.0
kaeemii,-0.6999999999999998
chungusfucker69,-0.6
donttellmom123,-0.5178571428571429
R452991,-0.6999999999999998
mukeymaq-,-0.8
SundaeMango,-0.5383333333333333
saltysweetpeanuts,-0.5638888888888889
lifeishardiguess,-0.8
heisntlikeothergirls,-0.9
a-unique-user-name,-0.5589285714285713
throwaway0389201,-0.8
BetterClaraTea,-0.9
JimClancyDangle,-0.7333333333333334
iwantodie123456,-0.7000000000000001
WoppyWalrus,-0.6157348632812499
DyingChickenNugget,-0.55
Rsum0,-0.5103174603174604
NatAGuyTryingToLive,-0.6
Sorry-Cap,-0.6416666666666667
imasket,-0.6
afeelingghost,-0.5249999999999999
psl001,-0.7333333333333334
UrbanRanger249,-0.5800000000000001
MartinHelios,-0.5833333333333334
JARLisgay,-0.6
dearbornrd,-0.6
keith0622,-0.5111111111111111
phuptraks,-0.8
Indian_girl_99,-0.75
zlinukas,-0.55
imnotsensitive,-0.5166666666666667
sandiesleft,-0.6
babypandagod,-0.55
Chodedickbody,-0.6
gandalfsuperstar69,-0.5357142857142857
sunny_dino,-0.5208333333333334
cha-hoo-sha,-0.8
TheMourner_2,-0.6
findingmyself_0,-0.7375
OrangeJuice343,-0.6
ultimatetempthroaway,-0.5499999999999999
forcedtolive,-0.8
Maya____,-0.6
hectic472__,-0.50625
reddrc_34,-0.8
alonelypineapple,-0.7142857142857143
wheatley4269,-0.8
CyberY2k,-0.8
finniganswoke,-0.6333333333333333
Daz3691,-0.5166666666666666
niamh1640,-0.6999999999999998
Nic05Sal,-0.7333333333333334
Gaugethesecond,-0.7999999999999999
Hektor-and-the-Queen,-0.8
babygirl808,-1.0
andamancrake,-0.7571428571428571
InattentiveCup,-0.8066919191919192
mariaabea,-0.55
sexxxxxxysa,-0.5142857142857142
AdditionalSplit11,-0.8
State_Electrician,-0.5999999999999999
Hayate_Immelmann_,-0.6
nexttimeiwont,-0.6
ivantofu,-0.7
ice__cube100,-0.8571428571428572
k3l9sw5r7,-1.0
melonrinds,-0.6
DRTG98,-0.6
Soboter,-0.6
jobo180hawks,-0.7028571428571428
ToldStoriesofTheER,-1.0
anastastiaxxx,-0.6071428571428572
All_Can_Smile,-0.6999999999999998
silverfighty96,-0.6
4fingertakedown,-0.75
cudiidkdifja,-0.6333333333333334
Lily-rose22,-0.5611607142857142
Farfieldlands,-0.52
Imma-moldysloth-gtg,-0.7999999999999999
throwaway3141592653_,-0.55
everydayisgray32,-0.5525
fuckyourself50,-0.8999999999999999
trash_account173638,-0.547979797979798
eelibuj123,-0.6
TheTiredDuckling,-0.6
dddopp,-0.6999999999999998
McZomb,-0.75
Siberiayuki,-0.6749999999999999
scrappychemist,-0.8
clash2k,-0.6999999999999998
bruh_gotem,-0.5166666666666667
Squishy_Pixelz,-0.625
throwawayiceberg4456,-0.6333333333333333
coltonious,-0.8499999999999999
GamerGuyPanties,-0.5566666666666666
mamakeysh9,-0.6999999999999998
FlightofIcarus102,-0.7666666666666666
_babypink_,-0.6
wolffairytail,-0.55
bunniboilerr,-0.625
Skuvenshmuven,-0.625
mentalhealthrelief,-1.0
xplodingturtle,-0.65
hashtagrichie6,-0.625
qxlq,-0.8
Emmwojj,-0.5512987012987013
HappyMunchMunch,-0.7
TheDumbJaymes,-0.5625
ocmuji,-0.6
pleasesavemeahah,-0.6291666666666667
CanidArtist,-0.6999999999999998
Anonymoushope1,-0.6625000000000001
bbxgang,-0.7
MagicMonkey667,-0.7000000000000001
Korru,-0.8
Throw-Away932,-0.5750000000000001
reslave,-0.6049999999999999
nikilll_r,-0.5249999999999999
Olieb01,-0.5083333333333333
NZSISYT,-0.53
diegangas,-0.65
spacepiess,-0.625
Celesschere,-0.8
dramas_4_nerds,-0.7333333333333334
00187071a,-0.6410714285714284
Stellar_Chick,-0.7333333333333333
AutoModerator,-0.5151515151515151
novaturientfox,-0.63125
sosoanna,-0.5374999999999999
kelpiescottish,-1.0
sodaboy1978,-0.5625
aaatyjean32,-0.57
ManicTypist,-0.812142857142857
mewiodas,-0.575
citygirlstl,-0.625
KatIsACat02,-0.6
G1bs0nNZ,-0.8449999999999999
superdupechickentoes,-0.5333333333333333
HagenAndJerrys,-0.6999999999999998
donglords69,-0.5055555555555555
Laatikkopilvia,-0.7142857142857143
Odd_craving,-0.6
CryingZy,-0.8
Cassandrasworld,-0.5900000000000001
wildmountainRN,-0.7322544642857143
cattlebell,-0.7999999999999999
alyssa1975,-0.8
weedislif,-0.55
-dorian-gray-,-0.6
sigmatic787,-0.875
Nestle_01,-0.6999999999999998
NormieWenus,-0.5333333333333333
sEN3H4L7,-0.6166666666666667
hokkil,-0.59
toddmygodd,-0.5183333333333333
eyetalker,-0.6999999999999998
sath12,-0.5238095238095238
fishforbass23,-0.5261904761904761
IsaacRaschke,-0.5125
Jayy1995,-0.5690476190476189
pitawkristiansen,-0.7
Markupoiss,-0.675
julphi,-1.0
randomuser4memes,-0.5140136054421769
redditburgerking,-1.0
huntychuu,-0.5625
troydotraw,-0.75
swmr58,-0.75
cel1996,-0.5135416666666667
uglylemonjuice,-0.65
ffs27,-0.5183673469387755
Ta00024,-0.5399999999999998
Crk416,-0.5166666666666667
bekindplz,-0.525
PAOK_,-0.7142857142857143
Criticized-,-0.6
kimberlysteintjes,-0.5375
_missvalll,-0.5041666666666665
cherryxbomb420,-0.8
_andioOOP,-0.5249999999999999
AccuratePoem,-0.575
Cotton_Clouds_,-0.625
MarinaNinaa,-0.7250000000000001
LTC11698,-0.5714285714285715
HelloThere010,-0.5333333333333333
Iosuaaa,-0.6
couldashoudlamassa,-0.5999999999999999
Ellis_Boatwright,-0.53
daisypunk,-0.6
ravi-the-g-23,-0.8
Siegbrau,-0.8
the_t_q,-0.5625
a_wandering_idiot,-0.9333333333333332
Black_Kitty,-1.0
sunkissed-scorpio,-0.7999999999999999
cory667,-0.6000000000000001
answermanias,-0.8666666666666666
kie-ran,-0.5166666666666667
davidrasm,-0.5033333333333333
PleaseKillMeNowOkay,-0.55
Mistixx,-0.6666666666666666
rollingwththehomies,-0.5666666666666665
anxiety555,-0.5499999999999999
TraditioCatholica,-0.525
bethster2000,-0.6071428571428572
brbyeah,-0.8499999999999999
themasterozzy,-0.5284090909090909
bratzdoll2000,-0.5079365079365079
sogeking97,-0.6000000000000001
DJThomas21,-0.5083333333333333
hugepushover,-0.8
Hyatt_Wyatt33,-0.6499999999999999
Transit-Strike,-0.6
Yuno79,-0.8
RazerRules,-0.6999999999999998
hannnsolo,-0.6000000000000001
geek__moe,-0.75
xzz8,-0.6
lonelyboi19,-0.8
ChronicCronut,-0.6333333333333333
Without_Mystery,-0.6000000000000001
munchbunch11,-0.5571428571428572
LuvingLonliness,-0.8500000000000001
BotonoV2,-0.5875
carebearx,-0.75
hellobeats6,-0.6
bnporter94,-0.5958333333333334
ollowollo,-0.5199999999999999
radgyal,-0.8
blesste69,-0.5750000000000001
MilkAtNight,-0.6999999999999998
_pikachu_pika,-0.8
ALYSTEVENSON,-0.525
grapestine,-0.5499999999999999
SofiR1613,-0.6
Raven96__,-0.6095238095238096
dandanleit,-0.6833333333333332
aloveday2,-0.5357142857142857
MaximilianWL,-0.6483766233766234
nsfwconfessed,-0.523469387755102
Marshang96,-1.0
spiderbrey13,-0.6
edsbunny,-0.75
steven_mcqueenen,-0.6999999999999998
sje12345,-0.5499999999999999
that-bitch-periodt,-0.6
GreenScientists,-0.5380952380952381
youngrussianboy,-0.6333333333333334
Piendakaas,-0.5488095238095237
blickster,-0.554421768707483
-PsychedelicSloth-,-1.0
breakingyourfall,-0.5031249999999999
hjuyrfck,-0.6999999999999998
raphobbit,-1.0
Andyyy22,-0.9285714285714286
astrohoez,-0.5416666666666666
hannahfisher720,-0.5571428571428572
CaptainKeir,-0.6999999999999998
Bluecan101,-0.7
cityboem,-0.7142857142857143
abnormallyme,-0.62
BrynjolfIsLife,-0.6000000000000001
zRandomGuy,-0.5599999999999999
prettylittleliongirl,-0.8
FlipperDePanda,-0.6000000000000001
ninjamonster11,-0.7499999999999999
Soulkept,-0.8
Liquidiationn,-0.5416666666666666
gobbledygook420,-0.6999999999999998
ThingsHappen18,-0.6999999999999998
frogshithomie,-0.5166666666666667
sanjinas,-0.7249999999999999
reddita100times,-1.0
parafanatic,-0.6666666666666666
WideB0i,-0.5916666666666667
Esjayde,-0.5166666666666665
TheZeBode,-0.6499999999999999
LewSuth,-0.8
Lai-ro,-0.5178571428571429
mewiodas,-0.7
BADPLyer,-0.53125
berrito79,-0.8499999999999999
PrintGamez,-1.0
iamlinusblanketofsad,-0.594047619047619
HaruomiSportsman,-0.5185185185185185
not-your-dad-bich,-1.0
INeedARefund,-0.75
migs88,-0.78
AmluBrazil,-0.9
madethisonthepooper,-0.7142857142857143
TOP_Septic,-0.65
GeneralEnn,-0.6
student_4,-0.6999999999999998
priceless_advicee,-0.625
trinketstone,-0.6999999999999998
ChloroformDaisy,-1.0
yoyoyofoso,-0.8
playnworout,-0.55
coffee_panopoly,-0.6999999999999998
DNAMellieCase,-0.5857142857142857
pinky8519,-0.6416666666666667
AutoModerator,-0.5347222222222222
15throwawayrunaway,-0.5399999999999999
Icegoose1776,-0.8
DOC2023,-0.8499999999999999
Venixflytrap,-0.625
wholesomememequeen,-0.5625
HelloImLucas,-0.5999999999999999
YouPlayedUrself,-0.515
phantomreign,-0.775
livingroboto,-0.7
eiue,-0.6999999999999998
tiffany_twisted1,-0.9
Shabjira,-0.5357142857142857
acid69,-0.516875
earlobevein,-0.8
wildeaboutoscar,-0.64
Kidy_the_Cat,-0.5625
Sweetpeachbabe,-0.6999999999999998
gravityandgrrace,-0.625
rose-wilson,-0.5999999999999999
HAYTHAMBRENEK,-0.6
IntelligentPumpkin,-0.75
BewilderedBookworm,-0.5285714285714286
haseo8998,-0.6333333333333333
JD_Revan451,-0.5833333333333334
bitbybit500,-0.6000000000000001
keeponchooglinman,-0.5555555555555555
shamac33171,-0.5708333333333333
toothpick101,-0.5222222222222223
ndftba,-0.5125
Thefirethatburn,-0.5625
CaPsEvErYfEwLeTtErS,-0.7000000000000001
I_lay_eggs,-0.6785714285714286
The_Everclearest,-0.5125
PrincessNiah,-0.5047619047619047
ImDanielAndILoveCats,-0.6
EliAshley,-0.625
imstuckinacar,-0.5554761904761905
donutduck3,-0.6875
Animcogn,-0.5333333333333333
Firepackk,-0.6
I_love_shiny_shit,-0.6999999999999998
motivatronics,-0.55
A-Flaming-End,-0.58
Punkgrunge92,-0.625
deniseelizabethh,-0.7999999999999999
IdontSpeakTooMuch,-0.6
TommyChappell,-0.7333333333333333
Zootopia18,-0.8
dothinktwice,-0.6666666666666666
tiny_green_leaf,-1.0
Protactium91,-0.5666666666666667
mrbskywalker,-0.8
Charliechops5,-0.625
upset_throwa,-0.55
Lenz2117,-0.55
arrrrze,-0.5444444444444444
cat-pants,-0.5321428571428571
peptodismal-,-0.6000000000000001
Mistekillingfeelings,-0.5666666666666668
elenalavonne,-0.6166666666666667
SaxaphoneGuy,-0.5333333333333333
memelord152,-0.85
Mustaline,-0.5999999999999999
Oileduphairyman,-0.5243055555555555
tae_ka_pre,-0.5333333333333333
MilitantComb,-0.6666666666666666
UndergroundUnderdog4,-0.55
tobixice,-0.7999999999999999
SockDock88,-0.5888888888888889
Fstarc,-0.6
justgirlypasta,-0.5031746031746032
lotsoftime0,-0.55
FuckingMadLad,-0.5694444444444444
iamfromouttahere,-0.6
DarkSkullMango,-0.6
mahoakotyc,-0.6
JUlCEBOX,-0.6
Aura1661,-0.6
Phonevhome,-0.7999999999999999
Beaky1505,-0.5166666666666666
blizzperps,-0.7249999999999999
noddlesbacon,-0.7
RogueStalk,-0.575
Yourmenstrualcycle,-0.6375
Bradaqui,-0.55
airwrick,-0.6000000000000001
syclum,-0.75
H0p3z,-0.8
JethroJames,-0.6749999999999999
shebtattedd,-0.6999999999999998
crossfire14,-1.0
fluffyricecake,-0.625
darko_99,-0.6
dongerschlong,-0.75
throwawayyyy8970,-0.675
ThreshExpressYT,-1.0
jbo99,-1.0
-Musashi-,-0.6
EscalationChronicle,-0.8
ashaed31,-0.5333333333333333
trackster45,-0.6
MegaPat22,-0.6999999999999998
0auspiciousostrich0,-1.0
spwicky988,-1.0
lairyantelope,-0.625
mersile_,-0.5249999999999999
butcherBete,-0.6199999999999999
entranas,-0.55625
imolboy,-1.0
woahokcalmdown,-0.7250000000000001
MyOtherAccount32019,-0.530952380952381
BigPhatCock,-0.5795454545454546
MysteryDrawer,-0.625
hermitcait,-0.7333333333333334
naylsonsb,-0.8
cw1ley,-0.8
lazybearcat,-0.5458333333333334
coperhang,-0.7
Chrisrawraw,-0.65
Qeeeuuu,-0.7999999999999999
MontyDon88,-0.8
betterself1,-0.5625
purpled1,-0.8
thegrand547,-0.625
natkkaa1996,-0.6625
MrWanikoff,-1.0
-NinJane-,-0.52
JaneDoe_x,-0.54
negroyverde12,-0.8
shadowvendetta,-0.6047619047619048
OhioIsForLovers-,-0.7333333333333333
Cili0c,-0.6
Qudao,-0.7666666666666666
Confused_Underscore,-0.6285714285714286
LilVigilante,-0.7999999999999999
meaning_is_context,-0.5625
shockedpikachu123,-0.6
DCtimes,-0.5333333333333333
Autumn-Moon,-0.655
eronvallen,-0.5874999999999999
O5Beta,-0.8
fam-squad-lit,-0.6
KupinadE,-0.6666666666666665
muddiestblunts,-0.6416666666666667
box_shelf,-0.75
CarefulMission,-0.5249999999999999
oversleepandchill,-0.55625
Hades_888,-0.9
Rath_JMH,-0.7020833333333334
hon3yg1rl,-0.6
Randz55,-0.65
okalright100,-0.6
forddieseltrucks,-0.7999999999999999
ktgilli23,-0.5285714285714286
PrinceVick47,-0.6999999999999998
Ramalot_SW,-0.5666666666666667
Ash_Friday,-0.5202380952380952
palatanus,-0.6
3TA01N,-0.75
TheKidInBuff,-1.0
aakasa,-0.5222222222222223
DayDreamer24-7,-1.0
slehrbaum,-0.8375
frigginbird,-0.5452380952380953
wtfatmybrain,-0.5800000000000001
cookeharry,-0.5125
imgonnadieyoung-,-0.6
a_loser_on_reddit,-0.7333333333333333
Whatthehell112,-0.575
itsAriiaa,-0.6
SociallyAdeptt,-0.6142857142857142
notyourpatsypat,-0.5444444444444444
Potatouws,-0.5633333333333334
Fussl33,-0.75
dontclickdat,-0.7999999999999999
JoeWens,-0.5972222222222222
FlinnYT,-0.525
Flavored_Juicebox,-0.65
chicken98_,-0.6
daintysunflower,-0.5035714285714286
ForwardPromise6,-0.8
trizdeux,-0.6
711768,-0.7999999999999999
NellyBell1,-0.625
1Genesis1,-0.8749999999999998
jazzyjosslyn,-0.6083333333333333
lonelybrownguyy,-0.5035714285714284
throwaway328283838,-0.5185185185185185
zajsouthwest,-0.6614583333333333
confusion-girl97,-0.55
throwawayyyyy7887,-0.7523809523809524
Sphere_RMX,-0.525
HWRMC,-0.8
GamingTricksAndHelp,-0.75
jennydaman,-0.6
0Jumpero,-0.5599999999999999
MineralSunshine,-0.5625
adanhere,-0.53
bbobb25,-0.7095238095238094
Fenrir-2003,-0.8
Reijak,-0.5571428571428572
1randomperson11,-1.0
lilsl0th,-0.6666666666666666
redditreadr999,-1.0
ForwardPromise6,-0.515625
NowThatWeAreMen,-0.6047619047619047
najadnan,-0.5527272727272727
a_fckedup_unicorn,-0.6666666666666666
brainrose,-0.75
katajkvs,-0.5125
Brandon8x8,-0.75
smashyland44,-0.75
BeeElEl,-0.6249999999999999
demadoggo,-0.5499999999999999
EpiphanyKingdom,-0.525
generallynotapancake,-0.5346153846153846
_Fat_Potato_,-0.6
samslayer100,-0.8499999999999999
throwaway72473,-0.5325
blueeyedangel666,-0.8
giftedxalien,-0.75
Boopable_Snootable,-0.7
erizo93,-0.7142857142857143
KolaJ23,-0.6
PCNuub,-0.557142857142857
cailedoll,-0.7999999999999999
Morty_Smith420,-0.65
Dandere-Muffin,-0.5111111111111111
ISurviveOnPepsi,-0.53
next12344556,-0.625
freeelchapo69,-0.75
notnotnotnotabot,-0.5461538461538461
Crajyyyy,-0.5255952380952381
Aodbeoan752,-0.5035714285714286
Alexandria_Scott,-0.6999999999999998
gANyClEn,-0.6
